ts,key,key size,val_size,tntid,op,ttl
0,z44uy84G444444btYsGn44M4444y444=,32,479,129,get,0
0,z44uy84y44444zGdBBCK4uN444483PYAvJMXvcMoHcG5HbGeH5h93cC7HPICMcioHPnrHP4444==,76,311,1333,get,0
0,z44uy84y44444vIVg_Vn44M4444c444=,32,335,129,get,0
0,z44uy84y44444vIVg_Vn44M4444c444=,32,335,129,get,0
1,z44uy84yGUJ-ZxzV744F44i444444sxzGi84u84444nF44CgiVex7Ec444d4y84444whgo44,72,311,2389,get,0
1,z44uy84yz3vNJAmq744F44i444444svPxi84u84444nF44C2FpVCihR44id4y84444whVo44,72,30,2461,get,0
1,z44uy84G444444btg_8n44M4444y444=,32,335,2470,get,0
1,z44uy84G444444bt2sOK4464444yxA4444==,36,407,2470,get,0
1,z44uy84yzYD5cyUq744F44i444444Mpwbo84u8444uvF44Ciykf8lERi48d4y84444wcgo44,72,335,2461,get,0
1,z44uy84G444444btg_8n44M4444y444=,32,335,1333,get,0
1,z44uy84y44444436VJ8F44i444444sidq884u84444nF44Cg2Jm_Swlo4od4y84444wzii44,72,455,2470,get,0
1,z44uy84y44444436VJ8F44i444444sidq884u84444nF44Cg2Jm_Swlo4od4y84444wzii44,72,455,2470,get,0
1,z44uy84y444444s3h4iK4464444yIIvK4uN44448v5w9M5i7vJMeHzMOHbvt3JGoTzIJ3JioHPH93bMLvtnn4yn4444h444=,96,30,2470,get,0
1,z44uy84y44444K-MSjVn44M4444Gyo4F44444CeM444=,44,311,2461,get,0
1,z44uy84yGhbcdeeVV44F44i444444l1RWi84u84444GF44CiN4hMZAmo4od4y84444wzii44,72,30,2470,get,0
1,z44uy84yGhbcdeeVV44F44i444444l1RWi84u84444GF44CiN4hMZAmo4od4y84444wzii44,72,30,2470,get,0
1,z44uy84G444444br0CM444==,24,479,129,get,0
1,z44uy84yz13SqcDW844F44i444444sbKci84u84444GF44CgwKSjskM448d4y84444wIVo44,72,311,2470,get,0
1,z44uy84G444444brKS6n44M4444y444=,32,479,1333,get,0
1,z44uyo4F44444AIcyo4f4444nzhAHJwAvtStvbgCMPi7Tcw93zitMPYP3PgP3zvLTzCLy4494444u844,80,335,2470,get,0
1,z44uy84y444444G7RrVn44M4444y444=,32,503,2470,get,0
2,z44uy84G444444br9r8K4464444yIIv444==,36,359,2461,get,0
2,z44uy84yzS7sWdvIo4GF44i444444ctPao84u84444nF44CTWKUVaLc848d4y844443ugAwwiOG444==,80,383,2461,get,0
2,z44uy84y444444EhVz6K4uN44448Tz45HbICHb3JvtnXHbn53P8tMPv0vc45Mc4rM5noMJG444==,76,335,1333,get,0
2,z44uy84y44444wK4E9GK4464444yIIvK4uN444483cC5HJH9vzgPMJIJHbG0TcY9McntTbi7TqGeTcCLMcMn4yn4444u444=,96,311,2461,get,0
2,z44uy84y44444uK0uD7K4uN44448H5Go3zuAM5irvc3PHz40HcAA3cSOMPA93bnrHPuAvJn444==,76,311,129,get,0
2,z44uy84y444444vCUzVF44i444444s2C7i84u84444nF44CgH6cfb0mo44d4y84444wVV844,72,359,129,get,0
2,z44uy84y444444KuTOdF44i444444wy-io84u8444uvF44CTvYxxSAf84id4y84444wUi844,72,335,2470,get,0
2,z44uy84y44444z8MKN6K4464444yVVGF4yv444444yDJ2o44,48,311,129,get,0
2,z44uy84yGUJ-ZxzV744F44i444444sxzGi84u84444nF44CgiVex7Ec444d4y84444whgo44,72,311,129,get,0
2,z44uy84G444444b1fL8K4464444yiOG444==,36,359,1333,get,0
3,z44uy84y44444KYBepVn44M4444cyo4F44444CHu444=,44,335,129,get,0
3,z44uy84y44444yGYI3GF44i444444I8Rhi84u84444nF44C2uOP2N0fi4id4y84444wFV444,72,407,2470,get,0
3,z44uy84y44444ukC9TOK4464444yiOG444==,36,623,2461,get,0
3,z44uy84G444444bLF8iK4464444yIIv444==,36,455,2470,get,0
3,z44uyo4F44444CH2yo4f4444nbM7vtiO3cgPvzVoMcioTqG0vzS7HtiOMtG7vcG73cgJy4494444u844,80,335,129,get,0
3,z44uy84y44444wwtncnF44i444444lJqE484u8444uvF44CgFoLxpumi48d4y84444wGgi44,72,335,1333,get,0
